{"stat.chestOpened":3,"stat.pickup.minecraft.rotten_flesh":4,"stat.walkOneCm":42169,"stat.pickup.randomloot.sword":1,"stat.pickup.minecraft.bone":1,"stat.pickup.minecraft.arrow":1,"stat.damageTaken":1008,"stat.useItem.minecraft.cobblestone":8,"stat.furnaceInteraction":1,"stat.craftItem.minecraft.cooked_beef":5,"stat.pickup.minecraft.cobblestone":64,"stat.mobKills":3,"stat.flyOneCm":22768,"stat.useItem.randomloot.sword":24,"stat.deaths":2,"tombstone:undead_killed":2,"stat.pickup.minecraft.wheat_seeds":1,"stat.jump":176,"stat.swimOneCm":1987,"stat.playOneMinute":17563,"stat.fallOneCm":6275,"stat.useItem.minecraft.cooked_mutton":3,"stat.useItem.minecraft.cooked_beef":2,"stat.sneakTime":19,"stat.entityKilledBy.Skeleton":2,"stat.craftItem.minecraft.stone_slab2":0,"stat.damageDealt":2488,"stat.crouchOneCm":8,"stat.killEntity.Zombie":2,"stat.pickup.lootbagmod.lootbag":1,"stat.timeSinceDeath":1824,"stat.pickup.minecraft.spider_eye":1,"stat.mineBlock.minecraft.dirt":1,"stat.sprintOneCm":28917,"stat.mineBlock.minecraft.tallgrass":1,"stat.diveOneCm":678}