{"stat.chestOpened":27,"stat.pickup.minecraft.pumpkin":1,"stat.pickup.killmods.nightmarehammer":1,"stat.pickup.minecraft.bone":10,"stat.pickup.divinerpg.skythern_heart":2,"stat.pickup.divinerpg.rupee_nugget":16,"stat.killEntity.aoa3.goalby":1,"stat.useItem.minecraft.iron_axe":27,"stat.killEntity.aoa3.sasquatch":3,"stat.pickup.minecraft.arrow":11,"stat.craftItem.minecraft.cooked_porkchop":5,"stat.mineBlock.minecraft.cobblestone":66,"stat.pickup.killmods.amethysthammer":1,"stat.craftItem.minecraft.iron_axe":1,"stat.pickup.aoa3.nether_upgrade_kit":3,"stat.pickup.divinerpg.terran_shards":1,"stat.pickup.minecraft.gold_nugget":6,"stat.jump":885,"stat.swimOneCm":11031,"stat.pickup.divinerpg.cyclops_eye_shards":3,"stat.killEntity.aoa3.nightfly":1,"stat.pickup.minecraft.coal":77,"stat.fallOneCm":29175,"stat.pickup.aoa3.phantasm_boots":1,"stat.pickup.cqrepoured.shield_walker":2,"stat.pickup.aoa3.torn_cloth":1,"stat.useItem.minecraft.stone_axe":17,"stat.pickup.aoa3.nightmare_legs":1,"stat.killEntity.aoa3.scrubby":2,"stat.crouchOneCm":5030,"stat.pickup.minecraft.spider_eye":3,"stat.craftItem.minecraft.chest":1,"stat.craftItem.minecraft.torch":52,"stat.craftItem.minecraft.iron_helmet":1,"stat.pickup.aoa3.light_blue_petals":16,"stat.pickup.minecraft.dirt":522,"stat.useItem.minecraft.dirt":203,"stat.useItem.minecraft.stone_slab2":13,"stat.craftItem.divinerpg.realmite_ingot":15,"stat.pickup.minecraft.bow":1,"stat.killEntity.divinerpg.pumpkin_spider":2,"stat.craftingTableInteraction":9,"stat.pickup.divinerpg.karot_crystal":1,"stat.pickup.minecraft.rotten_flesh":30,"stat.pickup.aoa3.scrap_metal":3,"stat.killEntity.aoa3.bugeye":1,"stat.pickup.minecraft.enchanting_table":1,"stat.pickup.aoa3.lunar_banner":1,"stat.craftItem.minecraft.iron_boots":1,"stat.damageTaken":3038,"stat.pickup.minecraft.feather":1,"stat.pickup.minecraft.leather":2,"stat.mineBlock.minecraft.torch":1,"stat.craftItem.minecraft.cooked_beef":5,"stat.pickup.killmods.warped_ladders":6,"stat.pickup.minecraft.cobblestone":354,"stat.pickup.divinerpg.arcanium_metal_breakable":7,"stat.killEntity.aoa3.dark_beast":1,"stat.killEntity.divinerpg.cyclops":2,"stat.pickup.killmods.amazoniteore":10,"stat.flyOneCm":59311,"stat.pickup.minecraft.bed":1,"stat.useItem.randomloot.sword":132,"tombstone:undead_killed":29,"stat.pickup.minecraft.wheat_seeds":4,"stat.useItem.randomloot.pickaxe":272,"stat.drop.minecraft.wheat_seeds":1,"stat.mineBlock.minecraft.gravel":20,"stat.pickup.aoa3.skeletal_boots":1,"stat.useItem.minecraft.cooked_beef":2,"stat.pickup.killmods.white_crystal":11,"stat.killEntity.aoa3.night_watcher":3,"stat.craftItem.minecraft.iron_leggings":2,"stat.killEntity.aoa3.charger":1,"stat.pickup.aoa3.chitin":1,"stat.killEntity.aoa3.dicer":1,"stat.damageDealt":14701,"stat.pickup.divinerpg.shark_sword":1,"stat.sleepInBed":8,"stat.timeSinceDeath":112524,"stat.pickup.divinerpg.inferno_chestplate":1,"stat.drop.randomloot.sword":1,"stat.killEntity.Cow":2,"stat.mineBlock.minecraft.dirt":546,"stat.drop.minecraft.spider_eye":1,"stat.pickup.minecraft.mutton":9,"stat.pickup.killmods.darkstone_bricks_slab":3,"stat.walkOneCm":322784,"stat.craftItem.minecraft.bed":2,"stat.pickup.randomloot.sword":2,"stat.useItem.minecraft.torch":14,"stat.pickup.travelersbackpack.travelers_backpack":1,"stat.useItem.minecraft.cobblestone":117,"stat.furnaceInteraction":5,"stat.killEntity.divinerpg.miner":3,"stat.craftItem.minecraft.crafting_table":1,"stat.killEntity.ZombieVillager":1,"stat.pickup.aoa3.charger_shank":1,"stat.mineBlock.minecraft.coal_ore":74,"stat.pickup.divinerpg.blue_rupee_helmet":1,"stat.pickup.killmods.endium_armorbody":1,"stat.drop.divinerpg.forbidden_fruit":1,"stat.pickup.randomloot.basic_case":5,"stat.mineBlock.elevatorid.elevator_purple":1,"stat.pickup.minecraft.log":34,"stat.pickup.minecraft.string":4,"stat.pickup.ic2.bronze_sword":1,"stat.pickup.divinerpg.apalachia_chunk":9,"stat.killEntity.divinerpg.kobblin":1,"stat.useItem.divinerpg.shark_sword":34,"stat.pickup.aoa3.encrusted_ghoul_banner":11,"stat.pickup.minecraft.beef":6,"stat.useItem.minecraft.cooked_mutton":27,"stat.pickup.divinerpg.forbidden_fruit":3,"stat.pickup.tombstone.crafting_ingredient":4,"stat.entityKilledBy.Skeleton":2,"stat.craftItem.minecraft.stone_slab2":0,"stat.pickup.killmods.exposed_copper_block":13,"stat.useItem.quark.world_stone_bricks":289,"stat.killEntity.aoa3.cyclops":2,"stat.pickup.minecraft.stone":478,"stat.craftItem.minecraft.iron_chestplate":1,"stat.pickup.lootbagmod.lootbag":4,"stat.pickup.killmods.nightmare_sculk_block_wall":1,"stat.pickup.minecraft.sapling":4,"stat.sprintOneCm":161208,"stat.pickup.minecraft.apple":6,"stat.craftItem.minecraft.stick":24,"stat.pickup.tombstone.magic_scroll":1,"stat.pickup.aoa3.underworld_staff":1,"stat.killEntity.Skeleton":9,"stat.killEntity.aoa3.bone_creature":1,"stat.useItem.randomloot.shovel":554,"stat.craftItem.minecraft.planks":60,"stat.pickup.killmods.deepslate_gold_ore":7,"stat.killEntity.Spider":4,"stat.pickup.quark.world_stone_bricks":49,"stat.mobKills":65,"stat.pickup.randomloot.shovel":1,"stat.mineBlock.quark.world_stone_bricks":49,"stat.mineBlock.minecraft.log":35,"stat.pickup.elevatorid.elevator_purple":1,"stat.pickup.divinerpg.bedrock_shovel":1,"stat.deaths":2,"stat.pickup.aoa3.weaken_bow":1,"stat.drop":5,"stat.mineBlock.minecraft.leaves":9,"stat.pickup.divinerpg.blue_ender_helmet":1,"stat.playOneMinute":128263,"stat.pickup.aoa3.baron_glass":8,"stat.killEntity.aoa3.night_reaper":4,"stat.pickup.minecraft.torch":4,"stat.useItem.divinerpg.forbidden_fruit":2,"stat.killEntity.Sheep":4,"stat.craftItem.quark.world_stone_bricks":372,"stat.sneakTime":1851,"stat.craftItem.minecraft.iron_pickaxe":1,"stat.pickup.minecraft.wool":6,"stat.pickup.aoa3.copper_coin":11,"stat.killEntity.Zombie":11,"stat.pickup.randomloot.golden_case":3,"stat.pickup.quark.colored_flowerpot_white":8,"stat.drop.minecraft.torch":1,"stat.mineBlock.minecraft.stone":82,"stat.mineBlock.minecraft.tallgrass":1,"stat.craftItem.minecraft.cooked_mutton":42,"stat.diveOneCm":10440,"stat.pickup.aoa3.bone_horn":1,"stat.useItem.randomloot.throwable":7}