{"stat.chestOpened":22,"stat.pickup.minecraft.pumpkin":1,"stat.pickup.killmods.nightmarehammer":1,"stat.pickup.minecraft.bone":3,"stat.pickup.divinerpg.skythern_heart":2,"stat.pickup.divinerpg.rupee_nugget":16,"stat.pickup.minecraft.arrow":7,"stat.craftItem.minecraft.cooked_porkchop":5,"stat.pickup.killmods.amethysthammer":1,"stat.craftItem.minecraft.iron_axe":1,"stat.pickup.aoa3.nether_upgrade_kit":3,"stat.jump":366,"stat.swimOneCm":4218,"stat.pickup.minecraft.coal":72,"stat.fallOneCm":11828,"stat.pickup.aoa3.phantasm_boots":1,"stat.pickup.cqrepoured.shield_walker":2,"stat.useItem.minecraft.stone_axe":17,"stat.pickup.aoa3.nightmare_legs":1,"stat.crouchOneCm":38,"stat.pickup.minecraft.spider_eye":2,"stat.craftItem.minecraft.chest":1,"stat.craftItem.minecraft.torch":52,"stat.craftItem.minecraft.iron_helmet":1,"stat.pickup.aoa3.light_blue_petals":16,"stat.pickup.minecraft.dirt":1,"stat.useItem.minecraft.stone_slab2":3,"stat.craftItem.divinerpg.realmite_ingot":15,"stat.pickup.minecraft.bow":1,"stat.killEntity.divinerpg.pumpkin_spider":1,"stat.craftingTableInteraction":6,"stat.pickup.divinerpg.karot_crystal":1,"stat.pickup.minecraft.rotten_flesh":20,"stat.killEntity.aoa3.bugeye":1,"stat.pickup.minecraft.enchanting_table":1,"stat.craftItem.minecraft.iron_boots":1,"stat.damageTaken":1594,"stat.craftItem.minecraft.cooked_beef":5,"stat.pickup.killmods.warped_ladders":6,"stat.pickup.minecraft.cobblestone":79,"stat.pickup.divinerpg.arcanium_metal_breakable":7,"stat.killEntity.divinerpg.cyclops":1,"stat.pickup.killmods.amazoniteore":10,"stat.flyOneCm":35787,"stat.pickup.minecraft.bed":1,"stat.useItem.randomloot.sword":38,"tombstone:undead_killed":13,"stat.pickup.minecraft.wheat_seeds":4,"stat.useItem.randomloot.pickaxe":92,"stat.drop.minecraft.wheat_seeds":1,"stat.pickup.aoa3.skeletal_boots":1,"stat.useItem.minecraft.cooked_beef":2,"stat.pickup.killmods.white_crystal":11,"stat.craftItem.minecraft.iron_leggings":2,"stat.pickup.aoa3.chitin":1,"stat.damageDealt":7240,"stat.pickup.divinerpg.shark_sword":1,"stat.sleepInBed":1,"stat.timeSinceDeath":38724,"stat.pickup.divinerpg.inferno_chestplate":1,"stat.mineBlock.minecraft.dirt":5,"stat.drop.minecraft.spider_eye":1,"stat.pickup.killmods.darkstone_bricks_slab":3,"stat.walkOneCm":90429,"stat.pickup.randomloot.sword":1,"stat.useItem.minecraft.torch":4,"stat.useItem.minecraft.cobblestone":25,"stat.furnaceInteraction":5,"stat.killEntity.divinerpg.miner":2,"stat.mineBlock.minecraft.coal_ore":74,"stat.pickup.divinerpg.blue_rupee_helmet":1,"stat.pickup.killmods.endium_armorbody":1,"stat.drop.divinerpg.forbidden_fruit":1,"stat.pickup.randomloot.basic_case":1,"stat.pickup.minecraft.log":15,"stat.pickup.minecraft.string":2,"stat.pickup.ic2.bronze_sword":1,"stat.pickup.divinerpg.apalachia_chunk":9,"stat.useItem.divinerpg.shark_sword":34,"stat.pickup.aoa3.encrusted_ghoul_banner":11,"stat.useItem.minecraft.cooked_mutton":9,"stat.pickup.divinerpg.forbidden_fruit":3,"stat.pickup.tombstone.crafting_ingredient":2,"stat.entityKilledBy.Skeleton":2,"stat.craftItem.minecraft.stone_slab2":0,"stat.pickup.killmods.exposed_copper_block":13,"stat.craftItem.minecraft.iron_chestplate":1,"stat.pickup.lootbagmod.lootbag":4,"stat.pickup.killmods.nightmare_sculk_block_wall":1,"stat.sprintOneCm":50832,"stat.pickup.minecraft.apple":6,"stat.craftItem.minecraft.stick":24,"stat.pickup.aoa3.underworld_staff":1,"stat.killEntity.Skeleton":2,"stat.killEntity.aoa3.bone_creature":1,"stat.craftItem.minecraft.planks":60,"stat.pickup.killmods.deepslate_gold_ore":7,"stat.killEntity.Spider":1,"stat.mobKills":20,"stat.mineBlock.minecraft.log":16,"stat.pickup.divinerpg.bedrock_shovel":1,"stat.deaths":2,"stat.pickup.aoa3.weaken_bow":1,"stat.drop":3,"stat.mineBlock.minecraft.leaves":1,"stat.pickup.divinerpg.blue_ender_helmet":1,"stat.playOneMinute":54463,"stat.pickup.aoa3.baron_glass":8,"stat.killEntity.aoa3.night_reaper":2,"stat.useItem.divinerpg.forbidden_fruit":2,"stat.sneakTime":168,"stat.craftItem.minecraft.iron_pickaxe":1,"stat.killEntity.Zombie":6,"stat.pickup.randomloot.golden_case":1,"stat.pickup.quark.colored_flowerpot_white":8,"stat.mineBlock.minecraft.stone":17,"stat.mineBlock.minecraft.tallgrass":1,"stat.craftItem.minecraft.cooked_mutton":42,"stat.diveOneCm":2087,"stat.pickup.aoa3.bone_horn":1}