{"stat.chestOpened":17,"stat.walkOneCm":52654,"stat.pickup.randomloot.sword":1,"stat.pickup.minecraft.bone":1,"stat.pickup.minecraft.arrow":1,"stat.craftItem.minecraft.cooked_porkchop":5,"stat.useItem.minecraft.cobblestone":9,"stat.furnaceInteraction":5,"stat.craftItem.minecraft.iron_axe":1,"stat.pickup.minecraft.log":15,"stat.jump":223,"stat.swimOneCm":1987,"stat.fallOneCm":6960,"stat.useItem.minecraft.cooked_mutton":5,"stat.entityKilledBy.Skeleton":2,"stat.craftItem.minecraft.stone_slab2":0,"stat.useItem.minecraft.stone_axe":17,"stat.craftItem.minecraft.iron_chestplate":1,"stat.crouchOneCm":38,"stat.pickup.lootbagmod.lootbag":1,"stat.pickup.minecraft.spider_eye":1,"stat.craftItem.minecraft.iron_helmet":1,"stat.sprintOneCm":36703,"stat.useItem.minecraft.stone_slab2":1,"stat.craftItem.divinerpg.realmite_ingot":15,"stat.pickup.minecraft.apple":6,"stat.craftItem.minecraft.stick":24,"stat.craftingTableInteraction":5,"stat.pickup.minecraft.rotten_flesh":8,"stat.craftItem.minecraft.planks":60,"stat.craftItem.minecraft.iron_boots":1,"stat.damageTaken":1224,"stat.craftItem.minecraft.cooked_beef":5,"stat.pickup.minecraft.cobblestone":64,"stat.mobKills":5,"stat.mineBlock.minecraft.log":16,"stat.flyOneCm":28015,"stat.pickup.minecraft.bed":1,"stat.useItem.randomloot.sword":35,"stat.deaths":2,"tombstone:undead_killed":2,"stat.pickup.minecraft.wheat_seeds":1,"stat.mineBlock.minecraft.leaves":1,"stat.playOneMinute":30163,"stat.useItem.minecraft.cooked_beef":2,"stat.sneakTime":117,"stat.craftItem.minecraft.iron_leggings":2,"stat.craftItem.minecraft.iron_pickaxe":1,"stat.damageDealt":3646,"stat.killEntity.Zombie":2,"stat.sleepInBed":1,"stat.timeSinceDeath":14424,"stat.mineBlock.minecraft.dirt":1,"stat.mineBlock.minecraft.tallgrass":1,"stat.craftItem.minecraft.cooked_mutton":42,"stat.diveOneCm":678}