{"stat.chestOpened":22,"stat.pickup.minecraft.pumpkin":1,"stat.pickup.killmods.nightmarehammer":1,"stat.pickup.minecraft.bone":3,"stat.pickup.divinerpg.skythern_heart":2,"stat.pickup.divinerpg.rupee_nugget":16,"stat.killEntity.aoa3.goalby":1,"stat.useItem.minecraft.iron_axe":7,"stat.killEntity.aoa3.sasquatch":1,"stat.pickup.minecraft.arrow":8,"stat.craftItem.minecraft.cooked_porkchop":5,"stat.pickup.killmods.amethysthammer":1,"stat.craftItem.minecraft.iron_axe":1,"stat.pickup.aoa3.nether_upgrade_kit":3,"stat.pickup.divinerpg.terran_shards":1,"stat.jump":529,"stat.swimOneCm":7660,"stat.pickup.divinerpg.cyclops_eye_shards":1,"stat.pickup.minecraft.coal":72,"stat.fallOneCm":15260,"stat.pickup.aoa3.phantasm_boots":1,"stat.pickup.cqrepoured.shield_walker":2,"stat.useItem.minecraft.stone_axe":17,"stat.pickup.aoa3.nightmare_legs":1,"stat.crouchOneCm":38,"stat.pickup.minecraft.spider_eye":3,"stat.craftItem.minecraft.chest":1,"stat.craftItem.minecraft.torch":52,"stat.craftItem.minecraft.iron_helmet":1,"stat.pickup.aoa3.light_blue_petals":16,"stat.pickup.minecraft.dirt":9,"stat.useItem.minecraft.stone_slab2":3,"stat.craftItem.divinerpg.realmite_ingot":15,"stat.pickup.minecraft.bow":1,"stat.killEntity.divinerpg.pumpkin_spider":1,"stat.craftingTableInteraction":6,"stat.pickup.divinerpg.karot_crystal":1,"stat.pickup.minecraft.rotten_flesh":22,"stat.killEntity.aoa3.bugeye":1,"stat.pickup.minecraft.enchanting_table":1,"stat.craftItem.minecraft.iron_boots":1,"stat.damageTaken":1872,"stat.pickup.minecraft.feather":1,"stat.craftItem.minecraft.cooked_beef":5,"stat.pickup.killmods.warped_ladders":6,"stat.pickup.minecraft.cobblestone":80,"stat.pickup.divinerpg.arcanium_metal_breakable":7,"stat.killEntity.divinerpg.cyclops":1,"stat.pickup.killmods.amazoniteore":10,"stat.flyOneCm":46977,"stat.pickup.minecraft.bed":1,"stat.useItem.randomloot.sword":53,"tombstone:undead_killed":14,"stat.pickup.minecraft.wheat_seeds":4,"stat.useItem.randomloot.pickaxe":93,"stat.drop.minecraft.wheat_seeds":1,"stat.pickup.aoa3.skeletal_boots":1,"stat.useItem.minecraft.cooked_beef":2,"stat.pickup.killmods.white_crystal":11,"stat.craftItem.minecraft.iron_leggings":2,"stat.killEntity.aoa3.charger":1,"stat.pickup.aoa3.chitin":1,"stat.damageDealt":8291,"stat.pickup.divinerpg.shark_sword":1,"stat.sleepInBed":2,"stat.timeSinceDeath":51324,"stat.pickup.divinerpg.inferno_chestplate":1,"stat.mineBlock.minecraft.dirt":5,"stat.drop.minecraft.spider_eye":1,"stat.pickup.killmods.darkstone_bricks_slab":3,"stat.walkOneCm":138847,"stat.pickup.randomloot.sword":1,"stat.useItem.minecraft.torch":5,"stat.useItem.minecraft.cobblestone":26,"stat.furnaceInteraction":5,"stat.killEntity.divinerpg.miner":3,"stat.pickup.aoa3.charger_shank":1,"stat.mineBlock.minecraft.coal_ore":74,"stat.pickup.divinerpg.blue_rupee_helmet":1,"stat.pickup.killmods.endium_armorbody":1,"stat.drop.divinerpg.forbidden_fruit":1,"stat.pickup.randomloot.basic_case":2,"stat.pickup.minecraft.log":19,"stat.pickup.minecraft.string":4,"stat.pickup.ic2.bronze_sword":1,"stat.pickup.divinerpg.apalachia_chunk":9,"stat.killEntity.divinerpg.kobblin":1,"stat.useItem.divinerpg.shark_sword":34,"stat.pickup.aoa3.encrusted_ghoul_banner":11,"stat.useItem.minecraft.cooked_mutton":13,"stat.pickup.divinerpg.forbidden_fruit":3,"stat.pickup.tombstone.crafting_ingredient":3,"stat.entityKilledBy.Skeleton":2,"stat.craftItem.minecraft.stone_slab2":0,"stat.pickup.killmods.exposed_copper_block":13,"stat.killEntity.aoa3.cyclops":1,"stat.craftItem.minecraft.iron_chestplate":1,"stat.pickup.lootbagmod.lootbag":4,"stat.pickup.killmods.nightmare_sculk_block_wall":1,"stat.sprintOneCm":85331,"stat.pickup.minecraft.apple":6,"stat.craftItem.minecraft.stick":24,"stat.pickup.aoa3.underworld_staff":1,"stat.killEntity.Skeleton":2,"stat.killEntity.aoa3.bone_creature":1,"stat.craftItem.minecraft.planks":60,"stat.pickup.killmods.deepslate_gold_ore":7,"stat.killEntity.Spider":2,"stat.mobKills":28,"stat.mineBlock.minecraft.log":22,"stat.pickup.divinerpg.bedrock_shovel":1,"stat.deaths":2,"stat.pickup.aoa3.weaken_bow":1,"stat.drop":3,"stat.mineBlock.minecraft.leaves":2,"stat.pickup.divinerpg.blue_ender_helmet":1,"stat.playOneMinute":67063,"stat.pickup.aoa3.baron_glass":8,"stat.killEntity.aoa3.night_reaper":2,"stat.useItem.divinerpg.forbidden_fruit":2,"stat.sneakTime":168,"stat.craftItem.minecraft.iron_pickaxe":1,"stat.pickup.aoa3.copper_coin":2,"stat.killEntity.Zombie":6,"stat.pickup.randomloot.golden_case":2,"stat.pickup.quark.colored_flowerpot_white":8,"stat.mineBlock.minecraft.stone":18,"stat.mineBlock.minecraft.tallgrass":1,"stat.craftItem.minecraft.cooked_mutton":42,"stat.diveOneCm":9734,"stat.pickup.aoa3.bone_horn":1}