{"stat.chestOpened":8,"stat.cakeSlicesEaten":4,"stat.pickup.minecraft.pumpkin":3,"stat.pickup.minecraft.bone":2,"stat.useItem.minecraft.fish":2,"stat.killEntity.aoa3.goalby":1,"stat.leaveGame":4,"stat.pickup.minecraft.arrow":1,"stat.craftItem.minecraft.cooked_porkchop":8,"stat.mineBlock.minecraft.cobblestone":1,"stat.pickup.divinerpg.terran_shards":3,"stat.pickup.minecraft.gold_nugget":7,"stat.jump":300,"stat.swimOneCm":2912,"stat.pickup.minecraft.coal":10,"stat.fallOneCm":4395,"stat.useItem.minecraft.planks":2,"stat.useItem.minecraft.stone_axe":24,"stat.pickup.minecraft.porkchop":8,"stat.crouchOneCm":1120,"stat.pickup.minecraft.spider_eye":1,"stat.craftItem.minecraft.torch":16,"stat.craftItem.minecraft.chest":2,"stat.pickup.minecraft.dirt":1,"stat.useItem.minecraft.stone_slab2":4,"stat.craftingTableInteraction":4,"stat.pickup.minecraft.rotten_flesh":4,"stat.craftItem.minecraft.furnace":1,"stat.damageTaken":1590,"stat.pickup.minecraft.feather":3,"stat.useItem.minecraft.wooden_pickaxe":4,"stat.pickup.minecraft.cobblestone":66,"stat.killEntity.aoa3.warclops":1,"stat.pickup.minecraft.dye":8,"stat.killEntity.divinerpg.cyclops":1,"stat.flyOneCm":14489,"stat.useItem.randomloot.sword":8,"tombstone:undead_killed":3,"stat.pickup.minecraft.fish":2,"stat.pickup.quark.tallow":8,"stat.damageDealt":1413,"stat.useItem.aoa3.charger_shank":1,"stat.sleepInBed":1,"stat.timeSinceDeath":38491,"stat.mineBlock.minecraft.dirt":2,"stat.useItem.minecraft.iron_pickaxe":79,"stat.craftItem.minecraft.wooden_pickaxe":1,"stat.killEntity.Pig":4,"stat.walkOneCm":132528,"stat.useItem.minecraft.torch":13,"stat.useItem.minecraft.chest":1,"stat.entityKilledBy.divinerpg.pumpkin_spider":1,"stat.pickup.minecraft.crafting_table":1,"stat.useItem.minecraft.cobblestone":5,"stat.craftItem.minecraft.crafting_table":1,"stat.furnaceInteraction":5,"stat.useItem.minecraft.cooked_porkchop":1,"stat.pickup.aoa3.charger_shank":1,"stat.mineBlock.minecraft.coal_ore":10,"stat.pickup.randomloot.basic_case":2,"stat.pickup.minecraft.log":12,"stat.pickup.minecraft.string":1,"stat.useItem.minecraft.cooked_fish":1,"stat.useItem.tombstone.gift":1,"stat.entityKilledBy.aoa3.night_watcher":1,"stat.entityKilledBy.aoa3.irkling":2,"stat.pickup.minecraft.sapling":1,"stat.killEntity.Squid":3,"stat.sprintOneCm":6161,"stat.craftItem.minecraft.stick":8,"stat.craftItem.minecraft.planks":92,"stat.mineBlock.minecraft.crafting_table":1,"stat.killEntity.Spider":1,"stat.mobKills":15,"stat.mineBlock.minecraft.log":12,"stat.deaths":5,"stat.mineBlock.minecraft.leaves":2,"stat.playOneMinute":48436,"stat.sneakTime":612,"stat.craftItem.minecraft.iron_pickaxe":1,"stat.pickup.aoa3.copper_coin":9,"stat.pickup.randomloot.golden_case":1,"stat.killEntity.Zombie":3,"stat.mineBlock.minecraft.stone":65,"stat.mineBlock.minecraft.tallgrass":1,"stat.diveOneCm":11151,"stat.useItem.randomloot.throwable":10}