{"stat.cakeSlicesEaten":4,"stat.pickup.minecraft.bone":7,"stat.leaveGame":7,"stat.killEntity.aoa3.sasquatch":1,"stat.mineBlock.minecraft.cobblestone":7,"stat.pickup.divinerpg.terran_shards":3,"stat.swimOneCm":3630,"stat.useItem.minecraft.planks":2,"stat.pickup.minecraft.porkchop":13,"stat.useItem.minecraft.dirt":3,"stat.useItem.minecraft.stone_slab2":10,"stat.pickup.killmods.deatharmorbody":3,"stat.mineBlock.minecraft.stone_brick_stairs":1,"stat.pickup.minecraft.rotten_flesh":27,"stat.craftItem.minecraft.furnace":1,"stat.killEntity.aoa3.bugeye":3,"stat.craftItem.minecraft.cooked_beef":11,"stat.killEntity.Enderman":1,"stat.pickup.minecraft.cobblestone":266,"stat.killEntity.aoa3.warclops":2,"stat.flyOneCm":25612,"stat.useItem.randomloot.pickaxe":101,"stat.pickup.minecraft.fish":2,"stat.useItem.minecraft.cooked_beef":3,"stat.pickup.quark.tallow":14,"stat.useItem.aoa3.charger_shank":3,"stat.timeSinceDeath":88317,"stat.useItem.minecraft.iron_pickaxe":154,"stat.craftItem.minecraft.wooden_pickaxe":1,"stat.pickup.minecraft.mutton":6,"stat.pickup.minecraft.mossy_cobblestone":4,"stat.craftItem.minecraft.bed":1,"stat.pickup.randomloot.sword":1,"stat.entityKilledBy.divinerpg.pumpkin_spider":1,"stat.pickup.minecraft.stonebrick":2,"stat.furnaceInteraction":7,"stat.useItem.minecraft.cooked_porkchop":8,"stat.mineBlock.minecraft.coal_ore":18,"stat.pickup.minecraft.string":3,"stat.pickup.minecraft.beef":22,"stat.pickup.tombstone.crafting_ingredient":4,"stat.entityKilledBy.aoa3.night_watcher":1,"stat.killEntity.aoa3.cyclops":2,"stat.killEntity.Squid":3,"stat.sprintOneCm":43388,"stat.craftItem.minecraft.stick":12,"stat.pickup.aoa3.holly_top_seeds":1,"stat.mineBlock.minecraft.crafting_table":2,"stat.deaths":5,"stat.playOneMinute":98262,"stat.killEntity.aoa3.night_reaper":3,"stat.killEntity.Sheep":4,"stat.craftItem.minecraft.iron_pickaxe":1,"stat.killEntity.aoa3.brute":2,"stat.pickup.randomloot.golden_case":4,"stat.killEntity.Zombie":5,"stat.mineBlock.minecraft.tallgrass":8,"stat.diveOneCm":11352,"stat.useItem.randomloot.throwable":10,"stat.chestOpened":23,"stat.pickup.minecraft.pumpkin":3,"stat.mineBlock.minecraft.mossy_cobblestone":4,"stat.useItem.minecraft.fish":2,"stat.killEntity.aoa3.goalby":1,"stat.pickup.killmods.darkswordv":1,"stat.pickup.minecraft.gravel":6,"stat.pickup.minecraft.arrow":5,"stat.craftItem.minecraft.cooked_porkchop":8,"stat.killEntity.darkzombie":10,"stat.pickup.minecraft.gold_nugget":9,"stat.pickup.minecraft.stone_brick_stairs":1,"stat.jump":684,"stat.pickup.minecraft.coal":22,"stat.fallOneCm":9824,"stat.useItem.randomloot.paxel":57,"stat.pickup.aoa3.torn_cloth":1,"stat.useItem.minecraft.stone_axe":24,"stat.crouchOneCm":4901,"stat.pickup.minecraft.spider_eye":1,"stat.craftItem.minecraft.torch":32,"stat.craftItem.minecraft.chest":2,"stat.pickup.minecraft.dirt":25,"stat.craftingTableInteraction":10,"stat.damageTaken":2571,"stat.pickup.minecraft.feather":3,"stat.pickup.minecraft.leather":10,"stat.mineBlock.minecraft.torch":1,"stat.useItem.minecraft.wooden_pickaxe":4,"stat.pickup.minecraft.dye":8,"stat.killEntity.divinerpg.cyclops":1,"stat.pickup.killmods.deatharmorboots":1,"stat.pickup.minecraft.bed":2,"stat.useItem.randomloot.sword":145,"tombstone:undead_killed":23,"stat.mineBlock.minecraft.gravel":6,"stat.killEntity.aoa3.charger":1,"stat.damageDealt":11557,"stat.sleepInBed":3,"stat.killEntity.Cow":10,"stat.mineBlock.minecraft.dirt":15,"stat.killEntity.Pig":7,"stat.walkOneCm":288018,"stat.useItem.minecraft.torch":32,"stat.useItem.minecraft.chest":1,"stat.pickup.minecraft.iron_nugget":1,"stat.pickup.minecraft.crafting_table":2,"stat.useItem.minecraft.cobblestone":24,"stat.craftItem.minecraft.crafting_table":2,"stat.pickup.aoa3.charger_shank":5,"stat.pickup.randomloot.basic_case":14,"stat.pickup.minecraft.log":12,"stat.useItem.minecraft.cooked_fish":1,"stat.useItem.tombstone.gift":1,"stat.entityKilledBy.aoa3.irkling":2,"stat.pickup.minecraft.sapling":1,"stat.pickup.minecraft.ender_pearl":1,"stat.pickup.minecraft.wooden_door":1,"stat.pickup.killmods.deatharmorlegs":2,"stat.pickup.minecraft.gold_ingot":1,"stat.killEntity.Skeleton":2,"stat.killEntity.aoa3.bone_creature":3,"stat.mineBlock.minecraft.stonebrick":2,"stat.craftItem.minecraft.planks":92,"stat.killEntity.Spider":1,"stat.mobKills":64,"stat.mineBlock.minecraft.log":12,"stat.craftItem.minecraft.wooden_door":3,"stat.useItem.minecraft.wooden_door":2,"stat.mineBlock.minecraft.leaves":2,"stat.pickup.killmods.deatharmorhelmet":2,"stat.pickup.minecraft.torch":2,"stat.sneakTime":3408,"stat.pickup.minecraft.wool":3,"stat.pickup.aoa3.copper_coin":25,"stat.mineBlock.minecraft.stone":263}