{"stat.chestOpened":4,"stat.cakeSlicesEaten":4,"stat.pickup.minecraft.pumpkin":3,"stat.walkOneCm":61735,"stat.pickup.minecraft.bone":1,"stat.useItem.minecraft.torch":2,"stat.entityKilledBy.divinerpg.pumpkin_spider":1,"stat.leaveGame":4,"stat.pickup.minecraft.crafting_table":1,"stat.craftItem.minecraft.crafting_table":1,"stat.furnaceInteraction":1,"stat.pickup.divinerpg.terran_shards":3,"stat.pickup.aoa3.charger_shank":1,"stat.mineBlock.minecraft.coal_ore":4,"stat.pickup.minecraft.gold_nugget":7,"stat.jump":184,"stat.swimOneCm":88,"stat.pickup.minecraft.coal":4,"stat.fallOneCm":3316,"stat.useItem.minecraft.planks":2,"stat.useItem.tombstone.gift":1,"stat.entityKilledBy.aoa3.night_watcher":1,"stat.entityKilledBy.aoa3.irkling":2,"stat.crouchOneCm":770,"stat.craftItem.minecraft.torch":16,"stat.pickup.minecraft.dirt":1,"stat.sprintOneCm":3388,"stat.useItem.minecraft.stone_slab2":1,"stat.craftItem.minecraft.stick":8,"stat.craftingTableInteraction":2,"stat.craftItem.minecraft.planks":92,"stat.damageTaken":1436,"stat.mineBlock.minecraft.crafting_table":1,"stat.pickup.minecraft.feather":3,"stat.useItem.minecraft.wooden_pickaxe":4,"stat.pickup.minecraft.cobblestone":4,"stat.mobKills":1,"stat.flyOneCm":13410,"stat.deaths":5,"stat.pickup.minecraft.fish":2,"stat.playOneMinute":27027,"stat.sneakTime":236,"stat.craftItem.minecraft.iron_pickaxe":1,"stat.damageDealt":151,"stat.pickup.aoa3.copper_coin":6,"stat.useItem.aoa3.charger_shank":1,"stat.sleepInBed":1,"stat.timeSinceDeath":17082,"stat.mineBlock.minecraft.dirt":2,"stat.useItem.minecraft.iron_pickaxe":11,"stat.craftItem.minecraft.wooden_pickaxe":1,"stat.mineBlock.minecraft.stone":4}