{"stat.chestOpened":4,"stat.cakeSlicesEaten":4,"stat.pickup.minecraft.pumpkin":3,"stat.pickup.minecraft.bone":2,"stat.useItem.minecraft.fish":2,"stat.killEntity.aoa3.goalby":1,"stat.leaveGame":4,"stat.pickup.minecraft.arrow":1,"stat.pickup.divinerpg.terran_shards":3,"stat.pickup.minecraft.gold_nugget":7,"stat.jump":284,"stat.swimOneCm":2912,"stat.pickup.minecraft.coal":10,"stat.fallOneCm":4395,"stat.useItem.minecraft.planks":2,"stat.useItem.minecraft.stone_axe":24,"stat.pickup.minecraft.porkchop":8,"stat.crouchOneCm":862,"stat.craftItem.minecraft.torch":16,"stat.pickup.minecraft.dirt":1,"stat.useItem.minecraft.stone_slab2":1,"stat.craftingTableInteraction":2,"stat.damageTaken":1568,"stat.pickup.minecraft.feather":3,"stat.useItem.minecraft.wooden_pickaxe":4,"stat.pickup.minecraft.cobblestone":7,"stat.killEntity.aoa3.warclops":1,"stat.pickup.minecraft.dye":8,"stat.flyOneCm":14489,"stat.pickup.minecraft.fish":2,"stat.pickup.quark.tallow":8,"stat.damageDealt":851,"stat.useItem.aoa3.charger_shank":1,"stat.sleepInBed":1,"stat.timeSinceDeath":25891,"stat.mineBlock.minecraft.dirt":2,"stat.useItem.minecraft.iron_pickaxe":22,"stat.craftItem.minecraft.wooden_pickaxe":1,"stat.killEntity.Pig":4,"stat.walkOneCm":114353,"stat.useItem.minecraft.torch":4,"stat.entityKilledBy.divinerpg.pumpkin_spider":1,"stat.pickup.minecraft.crafting_table":1,"stat.craftItem.minecraft.crafting_table":1,"stat.furnaceInteraction":1,"stat.pickup.aoa3.charger_shank":1,"stat.mineBlock.minecraft.coal_ore":10,"stat.pickup.randomloot.basic_case":1,"stat.pickup.minecraft.log":12,"stat.useItem.tombstone.gift":1,"stat.entityKilledBy.aoa3.night_watcher":1,"stat.entityKilledBy.aoa3.irkling":2,"stat.pickup.minecraft.sapling":1,"stat.killEntity.Squid":3,"stat.sprintOneCm":6161,"stat.craftItem.minecraft.stick":8,"stat.craftItem.minecraft.planks":92,"stat.mineBlock.minecraft.crafting_table":1,"stat.mobKills":10,"stat.mineBlock.minecraft.log":12,"stat.deaths":5,"stat.mineBlock.minecraft.leaves":2,"stat.playOneMinute":35836,"stat.sneakTime":452,"stat.craftItem.minecraft.iron_pickaxe":1,"stat.pickup.aoa3.copper_coin":9,"stat.pickup.randomloot.golden_case":1,"stat.mineBlock.minecraft.stone":9,"stat.mineBlock.minecraft.tallgrass":1,"stat.diveOneCm":11151,"stat.useItem.randomloot.throwable":5}