{"stat.leaveGame":20,"stat.killEntity.aoa3.sasquatch":2,"stat.killEntity.aoa3.headless_hunter":6,"stat.pickup.tombstone.familiar_stone":4,"stat.killEntity.divinerpg.cave_crawler":1,"stat.useItem.minecraft.planks":2,"stat.craftItem.minecraft.shield":1,"stat.pickup.killmods.raw_copper":2,"stat.useItem.tombstone.familiar_stone":7,"stat.pickup.killmods.amazonitearmorbody":1,"stat.pickup.minecraft.porkchop":16,"stat.drop.randomloot.titanium_chest":2,"stat.mineBlock.divinerpg.realmite_ore":34,"stat.killEntity.aoa3.goblin":2,"stat.useItem.minecraft.water_bucket":1,"stat.mineBlock.minecraft.stone_brick_stairs":2,"stat.pickup.minecraft.rotten_flesh":54,"stat.pickup.minecraft.sand":60,"stat.pickup.aoa3.scrap_metal":13,"stat.killEntity.aoa3.bugeye":19,"stat.killEntity.Enderman":3,"stat.mineBlock.minecraft.sand":60,"stat.useItem.randomloot.pickaxe":1847,"stat.pickup.quark.marble":128,"stat.mineBlock.killmods.copper_ore":2,"stat.pickup.quark.tallow":16,"stat.killEntity.aoa3.dicer":3,"stat.useItem.minecraft.iron_pickaxe":154,"stat.craftItem.minecraft.wooden_pickaxe":1,"stat.pickup.aoa3.jade":7,"stat.pickup.aoa3.ghostly_powder":1,"stat.craftItem.minecraft.bed":1,"stat.pickup.randomloot.sword":6,"stat.furnaceInteraction":47,"stat.killEntity.ZombieVillager":3,"stat.pickup.minecraft.beef":34,"stat.pickup.divinerpg.rupee_helmet":1,"stat.mineBlock.killmods.ruby_ore":19,"stat.craftItem.travelersbackpack.travelers_backpack":2,"stat.pickup.aoa3.silver_coin":4,"stat.useItem.killmods.obsidianhammer":313,"stat.drop.randomloot.axe":1,"stat.pickup.tombstone.magic_scroll":5,"stat.pickup.aoa3.bloodstone_lamp":11,"stat.pickup.tombstone.gift":1,"stat.mineBlock.astralsorcery.blockmarble":102,"stat.drop.elevatorid.elevator_purple":2,"stat.pickup.aoa3.ghoulasm":1,"stat.deaths":9,"stat.playOneMinute":446702,"stat.killEntity.aoa3.night_reaper":13,"stat.craftItem.minecraft.iron_pickaxe":1,"stat.pickup.randomloot.golden_case":11,"stat.pickup.randomloot.titan_case":1,"stat.mineBlock.minecraft.tallgrass":26,"stat.craftItem.minecraft.cooked_mutton":3,"stat.useItem.randomloot.throwable":11,"stat.chestOpened":189,"stat.pickup.minecraft.pumpkin":13,"stat.pickup.divinerpg.realmite_ingot":2,"stat.useItem.minecraft.fish":2,"stat.useItem.minecraft.stone":6,"stat.pickup.killmods.darkswordv":1,"stat.pickup.killmods.evilcrystalboots":1,"stat.pickup.minecraft.arrow":16,"stat.killEntity.darkzombie":10,"stat.killEntity.divinerpg.rotatick":1,"stat.mineBlock.aoa3.amethyst_ore":1,"stat.pickup.minecraft.gold_nugget":31,"stat.useItem.divinerpg.rupee_shickaxe":502,"stat.pickup.divinerpg.pardimal_hammer":1,"stat.useItem.killmods.amethysthammer":78,"stat.fallOneCm":50869,"stat.pickup.divinerpg.eden_axe":1,"stat.pickup.aoa3.nightmare_legs":1,"stat.crouchOneCm":27593,"stat.craftItem.minecraft.chest":9,"stat.craftItem.minecraft.iron_ingot":95,"stat.drop.killmods.ruby":1,"stat.killEntity.divinerpg.pumpkin_spider":3,"stat.craftingTableInteraction":45,"stat.killEntity.aoa3.ghostine_ancient":6,"stat.pickup.randomloot.titanium_chest":1,"stat.pickup.aoa3.shadow_sapling":16,"stat.pickup.minecraft.wooden_pickaxe":1,"stat.pickup.minecraft.feather":15,"stat.craftItem.quark.stone_granite_bricks_slab":30,"stat.pickup.minecraft.dye":8,"stat.killEntity.divinerpg.cyclops":14,"stat.pickup.minecraft.planks":16,"stat.pickup.killmods.deatharmorboots":1,"stat.useItem.randomloot.sword":570,"stat.pickup.minecraft.wheat_seeds":5,"stat.mineBlock.minecraft.gravel":88,"stat.pickup.randomloot.pickaxe":1,"stat.killEntity.aoa3.charger":4,"stat.drop.randomloot.titanium_legs":1,"stat.pickup.aoa3.rusted_iron_ingot":2,"stat.mineBlock.minecraft.dirt":88,"stat.pickup.aoa3.void_scales":1,"stat.mineBlock.minecraft.monster_egg":1,"stat.useItem.minecraft.torch":49,"stat.useItem.minecraft.bread":1,"stat.mineBlock.killmods.deepslate":1,"stat.pickup.minecraft.iron_nugget":3,"stat.pickup.minecraft.crafting_table":2,"stat.useItem.minecraft.cobblestone":91,"stat.craftItem.minecraft.crafting_table":2,"stat.pickup.aoa3.charger_shank":19,"stat.pickup.randomloot.basic_case":34,"stat.mineBlock.killmods.nightmare_veins":1,"stat.mineBlock.elevatorid.elevator_purple":7,"stat.pickup.minecraft.log":19,"stat.useItem.minecraft.cooked_fish":1,"stat.pickup.divinerpg.red_rupee_boots":1,"stat.pickup.divinerpg.eden_sapling":16,"stat.entityKilledBy.aoa3.irkling":2,"stat.entityKilledBy.darkzombie":1,"stat.useItem.quark.world_stone_bricks":155,"stat.pickup.minecraft.chicken":3,"stat.pickup.minecraft.sapling":8,"stat.pickup.minecraft.wooden_door":1,"stat.pickup.killmods.deatharmorlegs":2,"stat.killEntity.aoa3.bone_creature":5,"stat.useItem.randomloot.shovel":171,"stat.craftItem.minecraft.bucket":1,"stat.craftItem.minecraft.planks":132,"stat.pickup.quark.root":1,"stat.mineBlock.killmods.deepslate_lapis_lazuli_ore":1,"stat.pickup.aoa3.raw_charger_shank":2,"stat.mineBlock.minecraft.log":19,"stat.craftItem.minecraft.wooden_door":3,"stat.pickup.elevatorid.elevator_purple":22,"stat.useItem.minecraft.wooden_door":2,"stat.pickup.minecraft.red_flower":8,"stat.sneakTime":9610,"stat.pickup.minecraft.wool":30,"stat.pickup.aoa3.copper_coin":121,"stat.pickup.cqrepoured.cqr_boarman_spawn_egg_3":1,"stat.pickup.aoa3.erebon_banner":1,"stat.cakeSlicesEaten":4,"stat.pickup.minecraft.bone":30,"stat.mineBlock.minecraft.cobblestone":20,"stat.pickup.killmods.amethysthammer":1,"stat.pickup.minecraft.flint":5,"stat.pickup.killmods.sapphire_dust":66,"stat.pickup.divinerpg.terran_shards":9,"stat.craftItem.minecraft.wool":8,"stat.swimOneCm":33088,"stat.pickup.divinerpg.cyclops_eye_shards":13,"stat.killEntity.aoa3.nightfly":2,"stat.pickup.minecraft.enchanted_book":1,"stat.mineBlock.evilcraft.dark_ore":4,"stat.mineBlock.quark.roots":1,"stat.useItem.minecraft.dirt":15,"stat.useItem.minecraft.stone_slab2":44,"stat.craftItem.epicfight.katana":1,"stat.pickup.minecraft.bow":1,"stat.craftItem.divinerpg.realmite_ingot":13,"stat.pickup.killmods.deatharmorbody":3,"stat.mineBlock.killmods.sapphire_ore":22,"stat.craftItem.minecraft.furnace":3,"stat.pickup.killmods.bluestone":12,"stat.pickup.quark.cobblestone_mossy_stairs":4,"stat.craftItem.minecraft.iron_boots":1,"stat.pickup.minecraft.anvil":2,"stat.craftItem.minecraft.cooked_beef":24,"stat.mineBlock.minecraft.obsidian":11,"stat.pickup.minecraft.cobblestone":3106,"stat.killEntity.aoa3.warclops":3,"stat.craftItem.quark.stone_granite_bricks_stairs":16,"stat.flyOneCm":181617,"stat.pickup.minecraft.fish":2,"stat.craftItem.killmods.obsidianhammer":2,"stat.pickup.aoa3.candyland_grass":2,"stat.pickup.aoa3.skeletal_boots":1,"stat.useItem.minecraft.cooked_beef":22,"stat.pickup.divinerpg.shark_sword":1,"stat.useItem.aoa3.charger_shank":4,"stat.mineBlock.minecraft.iron_ore":96,"stat.timeSinceDeath":240791,"stat.pickup.divinerpg.black_hungerstone":11,"stat.pickup.killmods.honey":2,"stat.pickup.minecraft.mutton":45,"stat.pickup.aoa3.gold_king_bambambam_statue":16,"stat.pickup.minecraft.mossy_cobblestone":7,"stat.craftItem.minecraft.iron_block":3,"stat.pickup.aoa3.limonite_ore":4,"stat.useItem.aoa3.explosive_idol":15,"stat.killEntity.aoa3.horndron":1,"stat.pickup.travelersbackpack.travelers_backpack":2,"stat.entityKilledBy.divinerpg.pumpkin_spider":2,"stat.pickup.minecraft.stonebrick":8,"stat.useItem.minecraft.cooked_porkchop":8,"stat.craftItem.aoa3.limonite_ingot":4,"stat.mineBlock.minecraft.coal_ore":161,"stat.killEntity.Creeper":4,"stat.talkedToVillager":1,"stat.drop.killmods.obsidianhammer":1,"stat.pickup.minecraft.string":8,"stat.killEntity.aoa3.void_walker":2,"stat.pickup.tombstone.crafting_ingredient":10,"stat.entityKilledBy.aoa3.night_watcher":1,"stat.pickup.aoa3.runation_helmet":1,"stat.killEntity.aoa3.cyclops":3,"stat.pickup.lootbagmod.lootbag":12,"stat.killEntity.Squid":3,"stat.sprintOneCm":194151,"stat.pickup.aoa3.tea_seeds":3,"stat.pickup.aoa3.primordial_skull":1,"stat.craftItem.minecraft.stick":16,"stat.pickup.aoa3.holly_top_seeds":2,"stat.useItem.tombstone.magic_scroll":2,"stat.craftItem.minecraft.stone":384,"stat.killEntity.aoa3.chomper":1,"stat.mineBlock.minecraft.crafting_table":2,"stat.mineBlock.quark.world_stone_bricks":34,"stat.entityKilledBy.Creeper":1,"stat.pickup.killmods.nightmare_veins":9,"stat.mineBlock.quark.marble":131,"stat.drop":22,"stat.killEntity.darkskeleton":4,"stat.killEntity.Sheep":20,"stat.pickup.aoa3.amethyst":1,"stat.entityKilledBy.aoa3.magicke":1,"stat.killEntity.aoa3.brute":6,"stat.killEntity.Zombie":44,"stat.craftItem.minecraft.dye":8,"stat.useItem.killmods.nightmare_veins":1,"stat.mineBlock.minecraft.gold_ore":6,"stat.diveOneCm":26830,"stat.mineBlock.minecraft.mossy_cobblestone":7,"stat.killEntity.aoa3.goalby":6,"stat.pickup.minecraft.gravel":49,"stat.craftItem.minecraft.cooked_porkchop":8,"stat.mineBlock.minecraft.anvil":2,"stat.useItem.minecraft.chicken":1,"stat.pickup.minecraft.obsidian":10,"stat.pickup.minecraft.stone_brick_stairs":2,"stat.pickup.aoa3.holly_arrow":29,"stat.craftItem.travelersbackpack.backpack_tank":4,"stat.jump":2552,"stat.pickup.minecraft.coal":280,"stat.pickup.minecraft.iron_ingot":1,"stat.useItem.randomloot.paxel":57,"stat.pickup.aoa3.torn_cloth":1,"stat.useItem.minecraft.stone_axe":24,"stat.drop.randomloot.rl_bow":1,"stat.pickup.divinerpg.vemos_boots":1,"stat.pickup.minecraft.gunpowder":3,"stat.pickup.killmods.evilcrystalstairs":8,"stat.pickup.randomloot.throwable":1,"stat.pickup.minecraft.spider_eye":1,"stat.craftItem.minecraft.torch":52,"stat.pickup.minecraft.dirt":107,"stat.pickup.evilcraft.dark_gem_crushed":2,"stat.pickup.divinerpg.realmite_ore":34,"stat.pickup.minecraft.iron_ore":95,"stat.useItem.aoa3.candyland_grass":1,"stat.pickup.minecraft.gold_ore":6,"stat.useItem.minecraft.sapling":3,"stat.pickup.aoa3.lunar_banner":1,"stat.damageTaken":7551,"stat.pickup.minecraft.leather":23,"stat.mineBlock.minecraft.torch":2,"stat.mineBlock.minecraft.red_flower":8,"stat.useItem.minecraft.wooden_pickaxe":4,"stat.tradedWithVillager":2,"stat.pickup.divinerpg.molten_stone":11,"stat.pickup.evilcraft.dark_gem":12,"stat.pickup.minecraft.bed":3,"tombstone:undead_killed":107,"stat.useItem.tombstone.grave_key":3,"stat.pickup.killmods.ruby":19,"stat.pickup.aoa3.chitin":2,"stat.damageDealt":52231,"stat.craftItem.minecraft.glass":32,"stat.sleepInBed":18,"stat.pickup.divinerpg.rupee_shickaxe":1,"stat.craftItem.minecraft.anvil":1,"stat.drop.randomloot.sword":7,"stat.killEntity.Silverfish":1,"stat.killEntity.Cow":21,"stat.killEntity.Pig":9,"stat.killEntity.aoa3.ghost":1,"stat.mineBlock.aoa3.limonite_ore":4,"stat.walkOneCm":1493754,"stat.useItem.quark.custom_chest":4,"stat.useItem.minecraft.chest":3,"stat.pickup.minecraft.stick":7,"stat.craftItem.quark.custom_chest":3,"stat.pickup.aoa3.sharpshot_boots":1,"stat.pickup.aoa3.eye_shrub_stem":2,"stat.pickup.quark.stained_planks_purple_stairs":1,"stat.pickup.aoa3.jade_pickaxe":1,"stat.killEntity.divinerpg.kobblin":1,"stat.useItem.tombstone.gift":3,"stat.pickup.minecraft.stone":1129,"stat.killEntity.aoa3.ancient_golem":1,"stat.killEntity.aoa3.clown":1,"stat.pickup.minecraft.ender_pearl":3,"stat.pickup.minecraft.gold_ingot":15,"stat.killEntity.Skeleton":21,"stat.craftItem.travelersbackpack.sleeping_bag_bottom":4,"stat.mineBlock.minecraft.stonebrick":9,"stat.killEntity.Chicken":1,"stat.pickup.divinerpg.grenade":12,"stat.killEntity.Spider":15,"stat.pickup.quark.world_stone_bricks":413,"stat.mobKills":290,"stat.pickup.cqrepoured.granite_pillar":15,"stat.drop.tombstone.magic_scroll":1,"stat.useItem.elevatorid.elevator_purple":15,"stat.pickup.minecraft.blue_glazed_terracotta":1,"stat.pickup.minecraft.diamond":2,"stat.mineBlock.minecraft.leaves":3,"stat.pickup.killmods.deatharmorhelmet":2,"stat.pickup.minecraft.torch":3,"stat.pickup.aoa3.stranglewood_planks":4,"stat.craftItem.quark.world_stone_bricks":4,"stat.pickup.astralsorcery.blockmarble":79,"stat.drop.minecraft.beef":5,"stat.mineBlock.minecraft.stone":2206}