{"stat.leaveGame":15,"stat.killEntity.aoa3.sasquatch":2,"stat.killEntity.aoa3.headless_hunter":5,"stat.pickup.tombstone.familiar_stone":4,"stat.killEntity.divinerpg.cave_crawler":1,"stat.useItem.minecraft.planks":2,"stat.craftItem.minecraft.shield":1,"stat.useItem.tombstone.familiar_stone":7,"stat.pickup.killmods.amazonitearmorbody":1,"stat.pickup.minecraft.porkchop":16,"stat.drop.randomloot.titanium_chest":2,"stat.mineBlock.divinerpg.realmite_ore":34,"stat.killEntity.aoa3.goblin":2,"stat.mineBlock.minecraft.stone_brick_stairs":2,"stat.pickup.minecraft.rotten_flesh":50,"stat.pickup.minecraft.sand":60,"stat.pickup.aoa3.scrap_metal":8,"stat.killEntity.aoa3.bugeye":18,"stat.killEntity.Enderman":3,"stat.mineBlock.minecraft.sand":60,"stat.useItem.randomloot.pickaxe":1570,"stat.pickup.quark.marble":128,"stat.mineBlock.killmods.copper_ore":1,"stat.pickup.quark.tallow":16,"stat.killEntity.aoa3.dicer":2,"stat.useItem.minecraft.iron_pickaxe":154,"stat.craftItem.minecraft.wooden_pickaxe":1,"stat.pickup.aoa3.jade":7,"stat.pickup.aoa3.ghostly_powder":1,"stat.craftItem.minecraft.bed":1,"stat.pickup.randomloot.sword":5,"stat.furnaceInteraction":45,"stat.killEntity.ZombieVillager":3,"stat.pickup.minecraft.beef":32,"stat.pickup.divinerpg.rupee_helmet":1,"stat.mineBlock.killmods.ruby_ore":19,"stat.craftItem.travelersbackpack.travelers_backpack":1,"stat.pickup.aoa3.silver_coin":2,"stat.drop.randomloot.axe":1,"stat.pickup.tombstone.magic_scroll":4,"stat.pickup.tombstone.gift":1,"stat.mineBlock.astralsorcery.blockmarble":97,"stat.pickup.aoa3.ghoulasm":1,"stat.deaths":9,"stat.playOneMinute":301652,"stat.killEntity.aoa3.night_reaper":10,"stat.craftItem.minecraft.iron_pickaxe":1,"stat.pickup.randomloot.golden_case":9,"stat.pickup.randomloot.titan_case":1,"stat.mineBlock.minecraft.tallgrass":24,"stat.craftItem.minecraft.cooked_mutton":3,"stat.useItem.randomloot.throwable":11,"stat.chestOpened":144,"stat.pickup.minecraft.pumpkin":11,"stat.pickup.divinerpg.realmite_ingot":2,"stat.useItem.minecraft.fish":2,"stat.pickup.killmods.darkswordv":1,"stat.pickup.killmods.evilcrystalboots":1,"stat.pickup.minecraft.arrow":16,"stat.killEntity.darkzombie":10,"stat.mineBlock.aoa3.amethyst_ore":1,"stat.pickup.minecraft.gold_nugget":15,"stat.pickup.divinerpg.pardimal_hammer":1,"stat.useItem.killmods.amethysthammer":73,"stat.fallOneCm":36146,"stat.crouchOneCm":6340,"stat.craftItem.minecraft.chest":6,"stat.craftItem.minecraft.iron_ingot":95,"stat.drop.killmods.ruby":1,"stat.killEntity.divinerpg.pumpkin_spider":3,"stat.craftingTableInteraction":28,"stat.killEntity.aoa3.ghostine_ancient":6,"stat.pickup.randomloot.titanium_chest":1,"stat.pickup.minecraft.feather":13,"stat.pickup.minecraft.dye":8,"stat.killEntity.divinerpg.cyclops":10,"stat.pickup.killmods.deatharmorboots":1,"stat.useItem.randomloot.sword":516,"stat.pickup.minecraft.wheat_seeds":4,"stat.mineBlock.minecraft.gravel":7,"stat.pickup.randomloot.pickaxe":1,"stat.killEntity.aoa3.charger":4,"stat.drop.randomloot.titanium_legs":1,"stat.pickup.aoa3.rusted_iron_ingot":2,"stat.mineBlock.minecraft.dirt":35,"stat.pickup.aoa3.void_scales":1,"stat.mineBlock.minecraft.monster_egg":1,"stat.useItem.minecraft.torch":32,"stat.useItem.minecraft.bread":1,"stat.mineBlock.killmods.deepslate":1,"stat.pickup.minecraft.iron_nugget":3,"stat.pickup.minecraft.crafting_table":2,"stat.useItem.minecraft.cobblestone":40,"stat.craftItem.minecraft.crafting_table":2,"stat.pickup.aoa3.charger_shank":17,"stat.pickup.randomloot.basic_case":32,"stat.mineBlock.killmods.nightmare_veins":1,"stat.pickup.minecraft.log":13,"stat.useItem.minecraft.cooked_fish":1,"stat.entityKilledBy.aoa3.irkling":2,"stat.entityKilledBy.darkzombie":1,"stat.pickup.minecraft.chicken":3,"stat.pickup.minecraft.sapling":1,"stat.pickup.minecraft.wooden_door":1,"stat.pickup.killmods.deatharmorlegs":2,"stat.killEntity.aoa3.bone_creature":5,"stat.useItem.randomloot.shovel":60,"stat.craftItem.minecraft.planks":108,"stat.pickup.quark.root":1,"stat.pickup.aoa3.raw_charger_shank":2,"stat.mineBlock.minecraft.log":13,"stat.craftItem.minecraft.wooden_door":3,"stat.pickup.elevatorid.elevator_purple":13,"stat.useItem.minecraft.wooden_door":2,"stat.pickup.minecraft.red_flower":8,"stat.sneakTime":4659,"stat.pickup.minecraft.wool":30,"stat.pickup.aoa3.copper_coin":107,"stat.pickup.cqrepoured.cqr_boarman_spawn_egg_3":1,"stat.cakeSlicesEaten":4,"stat.pickup.minecraft.bone":28,"stat.mineBlock.minecraft.cobblestone":11,"stat.pickup.killmods.amethysthammer":1,"stat.pickup.killmods.sapphire_dust":66,"stat.pickup.divinerpg.terran_shards":8,"stat.craftItem.minecraft.wool":8,"stat.swimOneCm":20190,"stat.pickup.divinerpg.cyclops_eye_shards":5,"stat.killEntity.aoa3.nightfly":2,"stat.pickup.minecraft.enchanted_book":1,"stat.mineBlock.evilcraft.dark_ore":4,"stat.mineBlock.quark.roots":1,"stat.useItem.minecraft.dirt":7,"stat.useItem.minecraft.stone_slab2":27,"stat.pickup.minecraft.bow":1,"stat.craftItem.divinerpg.realmite_ingot":13,"stat.pickup.killmods.deatharmorbody":3,"stat.mineBlock.killmods.sapphire_ore":22,"stat.craftItem.minecraft.furnace":3,"stat.craftItem.minecraft.iron_boots":1,"stat.pickup.minecraft.anvil":2,"stat.craftItem.minecraft.cooked_beef":24,"stat.pickup.minecraft.cobblestone":1191,"stat.killEntity.aoa3.warclops":3,"stat.flyOneCm":148535,"stat.pickup.minecraft.fish":2,"stat.pickup.aoa3.candyland_grass":2,"stat.useItem.minecraft.cooked_beef":22,"stat.useItem.aoa3.charger_shank":4,"stat.mineBlock.minecraft.iron_ore":96,"stat.timeSinceDeath":95741,"stat.pickup.divinerpg.black_hungerstone":11,"stat.pickup.minecraft.mutton":45,"stat.pickup.aoa3.gold_king_bambambam_statue":16,"stat.pickup.minecraft.mossy_cobblestone":7,"stat.craftItem.minecraft.iron_block":3,"stat.pickup.aoa3.limonite_ore":4,"stat.useItem.aoa3.explosive_idol":15,"stat.killEntity.aoa3.horndron":1,"stat.entityKilledBy.divinerpg.pumpkin_spider":2,"stat.pickup.minecraft.stonebrick":8,"stat.useItem.minecraft.cooked_porkchop":8,"stat.craftItem.aoa3.limonite_ingot":4,"stat.mineBlock.minecraft.coal_ore":136,"stat.killEntity.Creeper":3,"stat.talkedToVillager":1,"stat.pickup.minecraft.string":5,"stat.killEntity.aoa3.void_walker":2,"stat.pickup.tombstone.crafting_ingredient":10,"stat.entityKilledBy.aoa3.night_watcher":1,"stat.pickup.aoa3.runation_helmet":1,"stat.killEntity.aoa3.cyclops":3,"stat.pickup.lootbagmod.lootbag":1,"stat.killEntity.Squid":3,"stat.sprintOneCm":129833,"stat.pickup.aoa3.tea_seeds":3,"stat.craftItem.minecraft.stick":12,"stat.pickup.aoa3.holly_top_seeds":2,"stat.killEntity.aoa3.chomper":1,"stat.mineBlock.minecraft.crafting_table":2,"stat.entityKilledBy.Creeper":1,"stat.pickup.killmods.nightmare_veins":9,"stat.mineBlock.quark.marble":131,"stat.drop":14,"stat.killEntity.darkskeleton":4,"stat.killEntity.Sheep":19,"stat.pickup.aoa3.amethyst":1,"stat.entityKilledBy.aoa3.magicke":1,"stat.killEntity.aoa3.brute":5,"stat.killEntity.Zombie":39,"stat.craftItem.minecraft.dye":8,"stat.useItem.killmods.nightmare_veins":1,"stat.mineBlock.minecraft.gold_ore":6,"stat.diveOneCm":24997,"stat.mineBlock.minecraft.mossy_cobblestone":7,"stat.killEntity.aoa3.goalby":3,"stat.pickup.minecraft.gravel":7,"stat.craftItem.minecraft.cooked_porkchop":8,"stat.mineBlock.minecraft.anvil":2,"stat.useItem.minecraft.chicken":1,"stat.pickup.minecraft.stone_brick_stairs":2,"stat.pickup.aoa3.holly_arrow":29,"stat.craftItem.travelersbackpack.backpack_tank":2,"stat.jump":2086,"stat.pickup.minecraft.coal":191,"stat.pickup.minecraft.iron_ingot":1,"stat.useItem.randomloot.paxel":57,"stat.pickup.aoa3.torn_cloth":1,"stat.useItem.minecraft.stone_axe":24,"stat.drop.randomloot.rl_bow":1,"stat.pickup.minecraft.gunpowder":3,"stat.pickup.killmods.evilcrystalstairs":8,"stat.pickup.minecraft.spider_eye":1,"stat.craftItem.minecraft.torch":32,"stat.pickup.minecraft.dirt":71,"stat.pickup.evilcraft.dark_gem_crushed":1,"stat.pickup.divinerpg.realmite_ore":34,"stat.pickup.minecraft.iron_ore":95,"stat.useItem.aoa3.candyland_grass":1,"stat.pickup.minecraft.gold_ore":6,"stat.damageTaken":7551,"stat.pickup.minecraft.leather":22,"stat.mineBlock.minecraft.torch":1,"stat.mineBlock.minecraft.red_flower":8,"stat.useItem.minecraft.wooden_pickaxe":4,"stat.tradedWithVillager":2,"stat.pickup.evilcraft.dark_gem":9,"stat.pickup.minecraft.bed":2,"tombstone:undead_killed":96,"stat.useItem.tombstone.grave_key":3,"stat.pickup.killmods.ruby":19,"stat.pickup.aoa3.chitin":1,"stat.damageDealt":45212,"stat.craftItem.minecraft.glass":32,"stat.sleepInBed":8,"stat.craftItem.minecraft.anvil":1,"stat.drop.randomloot.sword":5,"stat.killEntity.Silverfish":1,"stat.killEntity.Cow":20,"stat.killEntity.Pig":9,"stat.killEntity.aoa3.ghost":1,"stat.mineBlock.aoa3.limonite_ore":4,"stat.walkOneCm":874113,"stat.useItem.minecraft.chest":2,"stat.pickup.aoa3.sharpshot_boots":1,"stat.pickup.aoa3.eye_shrub_stem":2,"stat.pickup.aoa3.jade_pickaxe":1,"stat.killEntity.divinerpg.kobblin":1,"stat.useItem.tombstone.gift":3,"stat.pickup.minecraft.stone":594,"stat.killEntity.aoa3.ancient_golem":1,"stat.killEntity.aoa3.clown":1,"stat.pickup.minecraft.ender_pearl":3,"stat.pickup.minecraft.gold_ingot":12,"stat.killEntity.Skeleton":18,"stat.craftItem.travelersbackpack.sleeping_bag_bottom":4,"stat.mineBlock.minecraft.stonebrick":9,"stat.killEntity.Chicken":1,"stat.pickup.divinerpg.grenade":12,"stat.killEntity.Spider":14,"stat.mobKills":257,"stat.pickup.cqrepoured.granite_pillar":15,"stat.mineBlock.minecraft.leaves":2,"stat.pickup.killmods.deatharmorhelmet":2,"stat.pickup.minecraft.torch":2,"stat.pickup.astralsorcery.blockmarble":74,"stat.drop.minecraft.beef":3,"stat.mineBlock.minecraft.stone":1216}