{"stat.cakeSlicesEaten":4,"stat.pickup.minecraft.bone":22,"stat.leaveGame":10,"stat.killEntity.aoa3.sasquatch":2,"stat.mineBlock.minecraft.cobblestone":7,"stat.killEntity.aoa3.headless_hunter":4,"stat.pickup.divinerpg.terran_shards":6,"stat.pickup.tombstone.familiar_stone":3,"stat.swimOneCm":7430,"stat.killEntity.aoa3.nightfly":2,"stat.useItem.minecraft.planks":2,"stat.pickup.minecraft.enchanted_book":1,"stat.useItem.tombstone.familiar_stone":1,"stat.pickup.minecraft.porkchop":13,"stat.drop.randomloot.titanium_chest":2,"stat.useItem.minecraft.dirt":3,"stat.useItem.minecraft.stone_slab2":12,"stat.pickup.minecraft.bow":1,"stat.pickup.killmods.deatharmorbody":3,"stat.mineBlock.minecraft.stone_brick_stairs":1,"stat.pickup.minecraft.rotten_flesh":34,"stat.pickup.minecraft.sand":40,"stat.craftItem.minecraft.furnace":1,"stat.pickup.aoa3.scrap_metal":4,"stat.killEntity.aoa3.bugeye":16,"stat.pickup.minecraft.anvil":2,"stat.craftItem.minecraft.cooked_beef":22,"stat.killEntity.Enderman":3,"stat.pickup.minecraft.cobblestone":441,"stat.killEntity.aoa3.warclops":2,"stat.flyOneCm":41001,"stat.mineBlock.minecraft.sand":40,"stat.useItem.randomloot.pickaxe":206,"stat.pickup.minecraft.fish":2,"stat.useItem.minecraft.cooked_beef":15,"stat.pickup.quark.tallow":14,"stat.killEntity.aoa3.dicer":2,"stat.useItem.aoa3.charger_shank":3,"stat.timeSinceDeath":24007,"stat.useItem.minecraft.iron_pickaxe":154,"stat.craftItem.minecraft.wooden_pickaxe":1,"stat.pickup.minecraft.mutton":41,"stat.pickup.minecraft.mossy_cobblestone":4,"stat.craftItem.minecraft.bed":1,"stat.pickup.randomloot.sword":3,"stat.entityKilledBy.divinerpg.pumpkin_spider":2,"stat.pickup.minecraft.stonebrick":2,"stat.furnaceInteraction":8,"stat.useItem.minecraft.cooked_porkchop":8,"stat.killEntity.ZombieVillager":2,"stat.mineBlock.minecraft.coal_ore":39,"stat.killEntity.Creeper":3,"stat.pickup.minecraft.string":5,"stat.pickup.minecraft.beef":22,"stat.pickup.tombstone.crafting_ingredient":7,"stat.entityKilledBy.aoa3.night_watcher":1,"stat.killEntity.aoa3.cyclops":3,"stat.killEntity.Squid":3,"stat.sprintOneCm":71216,"stat.craftItem.minecraft.stick":12,"stat.pickup.tombstone.magic_scroll":3,"stat.pickup.aoa3.holly_top_seeds":1,"stat.pickup.tombstone.gift":1,"stat.mineBlock.minecraft.crafting_table":2,"stat.mineBlock.astralsorcery.blockmarble":26,"stat.entityKilledBy.Creeper":1,"stat.deaths":8,"stat.drop":7,"stat.playOneMinute":165857,"stat.killEntity.aoa3.night_reaper":10,"stat.killEntity.Sheep":18,"stat.craftItem.minecraft.iron_pickaxe":1,"stat.entityKilledBy.aoa3.magicke":1,"stat.killEntity.aoa3.brute":5,"stat.pickup.randomloot.golden_case":7,"stat.killEntity.Zombie":20,"stat.pickup.randomloot.titan_case":1,"stat.mineBlock.minecraft.tallgrass":14,"stat.diveOneCm":14178,"stat.useItem.randomloot.throwable":10,"stat.chestOpened":43,"stat.pickup.minecraft.pumpkin":11,"stat.mineBlock.minecraft.mossy_cobblestone":4,"stat.useItem.minecraft.fish":2,"stat.killEntity.aoa3.goalby":2,"stat.pickup.killmods.darkswordv":1,"stat.pickup.minecraft.gravel":6,"stat.pickup.minecraft.arrow":9,"stat.craftItem.minecraft.cooked_porkchop":8,"stat.mineBlock.minecraft.anvil":2,"stat.killEntity.darkzombie":10,"stat.pickup.minecraft.gold_nugget":9,"stat.pickup.minecraft.stone_brick_stairs":1,"stat.jump":973,"stat.pickup.minecraft.coal":43,"stat.fallOneCm":12543,"stat.useItem.randomloot.paxel":57,"stat.pickup.aoa3.torn_cloth":1,"stat.useItem.minecraft.stone_axe":24,"stat.drop.randomloot.rl_bow":1,"stat.pickup.minecraft.gunpowder":1,"stat.crouchOneCm":5366,"stat.pickup.minecraft.spider_eye":1,"stat.craftItem.minecraft.torch":32,"stat.craftItem.minecraft.chest":2,"stat.pickup.minecraft.dirt":54,"stat.killEntity.divinerpg.pumpkin_spider":3,"stat.craftingTableInteraction":10,"stat.killEntity.aoa3.ghostine_ancient":4,"stat.pickup.randomloot.titanium_chest":1,"stat.damageTaken":5376,"stat.pickup.minecraft.feather":3,"stat.pickup.minecraft.leather":10,"stat.mineBlock.minecraft.torch":1,"stat.useItem.minecraft.wooden_pickaxe":4,"stat.pickup.minecraft.dye":8,"stat.killEntity.divinerpg.cyclops":2,"stat.pickup.killmods.deatharmorboots":1,"stat.pickup.minecraft.bed":2,"stat.useItem.randomloot.sword":367,"tombstone:undead_killed":67,"stat.useItem.tombstone.grave_key":2,"stat.pickup.minecraft.wheat_seeds":2,"stat.mineBlock.minecraft.gravel":6,"stat.pickup.randomloot.pickaxe":1,"stat.killEntity.aoa3.charger":3,"stat.pickup.aoa3.chitin":1,"stat.damageDealt":34240,"stat.drop.randomloot.titanium_legs":1,"stat.sleepInBed":3,"stat.drop.randomloot.sword":3,"stat.killEntity.Cow":10,"stat.mineBlock.minecraft.dirt":24,"stat.killEntity.Pig":9,"stat.walkOneCm":523795,"stat.useItem.minecraft.torch":32,"stat.useItem.minecraft.chest":1,"stat.pickup.minecraft.iron_nugget":2,"stat.pickup.minecraft.crafting_table":2,"stat.useItem.minecraft.cobblestone":24,"stat.craftItem.minecraft.crafting_table":2,"stat.pickup.aoa3.charger_shank":8,"stat.pickup.randomloot.basic_case":25,"stat.pickup.minecraft.log":12,"stat.useItem.minecraft.cooked_fish":1,"stat.useItem.tombstone.gift":3,"stat.entityKilledBy.aoa3.irkling":2,"stat.pickup.minecraft.sapling":1,"stat.pickup.minecraft.ender_pearl":3,"stat.pickup.minecraft.wooden_door":1,"stat.pickup.killmods.deatharmorlegs":2,"stat.pickup.minecraft.gold_ingot":4,"stat.killEntity.Skeleton":16,"stat.killEntity.aoa3.bone_creature":5,"stat.useItem.randomloot.shovel":40,"stat.mineBlock.minecraft.stonebrick":2,"stat.craftItem.minecraft.planks":108,"stat.killEntity.Spider":14,"stat.pickup.aoa3.raw_charger_shank":2,"stat.mobKills":185,"stat.mineBlock.minecraft.log":12,"stat.craftItem.minecraft.wooden_door":3,"stat.useItem.minecraft.wooden_door":2,"stat.mineBlock.minecraft.leaves":2,"stat.pickup.killmods.deatharmorhelmet":2,"stat.pickup.minecraft.torch":2,"stat.sneakTime":3553,"stat.pickup.minecraft.wool":28,"stat.pickup.aoa3.copper_coin":48,"stat.pickup.astralsorcery.blockmarble":3,"stat.mineBlock.minecraft.stone":310}