{"stat.cakeSlicesEaten":4,"stat.pickup.minecraft.bone":14,"stat.leaveGame":8,"stat.killEntity.aoa3.sasquatch":1,"stat.mineBlock.minecraft.cobblestone":7,"stat.killEntity.aoa3.headless_hunter":4,"stat.pickup.divinerpg.terran_shards":6,"stat.pickup.tombstone.familiar_stone":1,"stat.swimOneCm":6822,"stat.killEntity.aoa3.nightfly":1,"stat.useItem.minecraft.planks":2,"stat.pickup.minecraft.enchanted_book":1,"stat.pickup.minecraft.porkchop":13,"stat.useItem.minecraft.dirt":3,"stat.useItem.minecraft.stone_slab2":10,"stat.pickup.killmods.deatharmorbody":3,"stat.mineBlock.minecraft.stone_brick_stairs":1,"stat.pickup.minecraft.rotten_flesh":32,"stat.pickup.minecraft.sand":40,"stat.craftItem.minecraft.furnace":1,"stat.pickup.aoa3.scrap_metal":4,"stat.killEntity.aoa3.bugeye":7,"stat.craftItem.minecraft.cooked_beef":22,"stat.killEntity.Enderman":1,"stat.pickup.minecraft.cobblestone":377,"stat.killEntity.aoa3.warclops":2,"stat.flyOneCm":32850,"stat.mineBlock.minecraft.sand":40,"stat.useItem.randomloot.pickaxe":181,"stat.pickup.minecraft.fish":2,"stat.useItem.minecraft.cooked_beef":10,"stat.pickup.quark.tallow":14,"stat.killEntity.aoa3.dicer":1,"stat.useItem.aoa3.charger_shank":3,"stat.timeSinceDeath":2050,"stat.useItem.minecraft.iron_pickaxe":154,"stat.craftItem.minecraft.wooden_pickaxe":1,"stat.pickup.minecraft.mutton":18,"stat.pickup.minecraft.mossy_cobblestone":4,"stat.craftItem.minecraft.bed":1,"stat.pickup.randomloot.sword":1,"stat.entityKilledBy.divinerpg.pumpkin_spider":2,"stat.pickup.minecraft.stonebrick":2,"stat.furnaceInteraction":8,"stat.useItem.minecraft.cooked_porkchop":8,"stat.killEntity.ZombieVillager":1,"stat.mineBlock.minecraft.coal_ore":39,"stat.killEntity.Creeper":1,"stat.pickup.minecraft.string":5,"stat.pickup.minecraft.beef":22,"stat.pickup.tombstone.crafting_ingredient":6,"stat.entityKilledBy.aoa3.night_watcher":1,"stat.killEntity.aoa3.cyclops":3,"stat.killEntity.Squid":3,"stat.sprintOneCm":56354,"stat.craftItem.minecraft.stick":12,"stat.pickup.tombstone.magic_scroll":3,"stat.pickup.aoa3.holly_top_seeds":1,"stat.mineBlock.minecraft.crafting_table":2,"stat.mineBlock.astralsorcery.blockmarble":9,"stat.entityKilledBy.Creeper":1,"stat.deaths":8,"stat.playOneMinute":143900,"stat.killEntity.aoa3.night_reaper":4,"stat.killEntity.Sheep":7,"stat.craftItem.minecraft.iron_pickaxe":1,"stat.entityKilledBy.aoa3.magicke":1,"stat.killEntity.aoa3.brute":3,"stat.pickup.randomloot.golden_case":4,"stat.killEntity.Zombie":12,"stat.mineBlock.minecraft.tallgrass":14,"stat.diveOneCm":14052,"stat.useItem.randomloot.throwable":10,"stat.chestOpened":32,"stat.pickup.minecraft.pumpkin":5,"stat.mineBlock.minecraft.mossy_cobblestone":4,"stat.useItem.minecraft.fish":2,"stat.killEntity.aoa3.goalby":1,"stat.pickup.killmods.darkswordv":1,"stat.pickup.minecraft.gravel":6,"stat.pickup.minecraft.arrow":8,"stat.craftItem.minecraft.cooked_porkchop":8,"stat.killEntity.darkzombie":10,"stat.pickup.minecraft.gold_nugget":9,"stat.pickup.minecraft.stone_brick_stairs":1,"stat.jump":843,"stat.pickup.minecraft.coal":43,"stat.fallOneCm":11686,"stat.useItem.randomloot.paxel":57,"stat.pickup.aoa3.torn_cloth":1,"stat.useItem.minecraft.stone_axe":24,"stat.crouchOneCm":5366,"stat.pickup.minecraft.spider_eye":1,"stat.craftItem.minecraft.torch":32,"stat.craftItem.minecraft.chest":2,"stat.pickup.minecraft.dirt":54,"stat.killEntity.divinerpg.pumpkin_spider":2,"stat.craftingTableInteraction":10,"stat.killEntity.aoa3.ghostine_ancient":4,"stat.damageTaken":4140,"stat.pickup.minecraft.feather":3,"stat.pickup.minecraft.leather":10,"stat.mineBlock.minecraft.torch":1,"stat.useItem.minecraft.wooden_pickaxe":4,"stat.pickup.minecraft.dye":8,"stat.killEntity.divinerpg.cyclops":1,"stat.pickup.killmods.deatharmorboots":1,"stat.pickup.minecraft.bed":2,"stat.useItem.randomloot.sword":240,"tombstone:undead_killed":42,"stat.useItem.tombstone.grave_key":2,"stat.pickup.minecraft.wheat_seeds":2,"stat.mineBlock.minecraft.gravel":6,"stat.killEntity.aoa3.charger":2,"stat.pickup.aoa3.chitin":1,"stat.damageDealt":20660,"stat.sleepInBed":3,"stat.killEntity.Cow":10,"stat.mineBlock.minecraft.dirt":18,"stat.killEntity.Pig":8,"stat.walkOneCm":398955,"stat.useItem.minecraft.torch":32,"stat.useItem.minecraft.chest":1,"stat.pickup.minecraft.iron_nugget":2,"stat.pickup.minecraft.crafting_table":2,"stat.useItem.minecraft.cobblestone":24,"stat.craftItem.minecraft.crafting_table":2,"stat.pickup.aoa3.charger_shank":5,"stat.pickup.randomloot.basic_case":16,"stat.pickup.minecraft.log":12,"stat.useItem.minecraft.cooked_fish":1,"stat.useItem.tombstone.gift":2,"stat.entityKilledBy.aoa3.irkling":2,"stat.pickup.minecraft.sapling":1,"stat.pickup.minecraft.ender_pearl":1,"stat.pickup.minecraft.wooden_door":1,"stat.pickup.killmods.deatharmorlegs":2,"stat.pickup.minecraft.gold_ingot":1,"stat.killEntity.Skeleton":7,"stat.killEntity.aoa3.bone_creature":4,"stat.useItem.randomloot.shovel":40,"stat.mineBlock.minecraft.stonebrick":2,"stat.craftItem.minecraft.planks":92,"stat.killEntity.Spider":6,"stat.pickup.aoa3.raw_charger_shank":1,"stat.mobKills":111,"stat.mineBlock.minecraft.log":12,"stat.craftItem.minecraft.wooden_door":3,"stat.useItem.minecraft.wooden_door":2,"stat.mineBlock.minecraft.leaves":2,"stat.pickup.killmods.deatharmorhelmet":2,"stat.pickup.minecraft.torch":2,"stat.sneakTime":3553,"stat.pickup.minecraft.wool":11,"stat.pickup.aoa3.copper_coin":35,"stat.pickup.astralsorcery.blockmarble":3,"stat.mineBlock.minecraft.stone":310}