{"stat.leaveGame":11,"stat.killEntity.aoa3.sasquatch":2,"stat.killEntity.aoa3.headless_hunter":4,"stat.pickup.tombstone.familiar_stone":4,"stat.useItem.minecraft.planks":2,"stat.craftItem.minecraft.shield":1,"stat.useItem.tombstone.familiar_stone":7,"stat.pickup.killmods.amazonitearmorbody":1,"stat.pickup.minecraft.porkchop":13,"stat.drop.randomloot.titanium_chest":2,"stat.mineBlock.divinerpg.realmite_ore":4,"stat.killEntity.aoa3.goblin":1,"stat.mineBlock.minecraft.stone_brick_stairs":2,"stat.pickup.minecraft.rotten_flesh":47,"stat.pickup.minecraft.sand":40,"stat.pickup.aoa3.scrap_metal":4,"stat.killEntity.aoa3.bugeye":18,"stat.killEntity.Enderman":3,"stat.mineBlock.minecraft.sand":40,"stat.useItem.randomloot.pickaxe":300,"stat.pickup.quark.tallow":14,"stat.killEntity.aoa3.dicer":2,"stat.useItem.minecraft.iron_pickaxe":154,"stat.craftItem.minecraft.wooden_pickaxe":1,"stat.craftItem.minecraft.bed":1,"stat.pickup.randomloot.sword":5,"stat.furnaceInteraction":13,"stat.killEntity.ZombieVillager":3,"stat.pickup.minecraft.beef":25,"stat.mineBlock.killmods.ruby_ore":3,"stat.craftItem.travelersbackpack.travelers_backpack":1,"stat.drop.randomloot.axe":1,"stat.pickup.tombstone.magic_scroll":4,"stat.pickup.tombstone.gift":1,"stat.mineBlock.astralsorcery.blockmarble":26,"stat.deaths":8,"stat.playOneMinute":201165,"stat.killEntity.aoa3.night_reaper":10,"stat.craftItem.minecraft.iron_pickaxe":1,"stat.pickup.randomloot.golden_case":8,"stat.pickup.randomloot.titan_case":1,"stat.mineBlock.minecraft.tallgrass":17,"stat.useItem.randomloot.throwable":11,"stat.chestOpened":82,"stat.pickup.minecraft.pumpkin":11,"stat.useItem.minecraft.fish":2,"stat.pickup.killmods.darkswordv":1,"stat.pickup.minecraft.arrow":13,"stat.killEntity.darkzombie":10,"stat.pickup.minecraft.gold_nugget":9,"stat.fallOneCm":21476,"stat.crouchOneCm":5366,"stat.craftItem.minecraft.chest":6,"stat.drop.killmods.ruby":1,"stat.killEntity.divinerpg.pumpkin_spider":3,"stat.craftingTableInteraction":22,"stat.killEntity.aoa3.ghostine_ancient":4,"stat.pickup.randomloot.titanium_chest":1,"stat.pickup.minecraft.feather":5,"stat.pickup.minecraft.dye":8,"stat.killEntity.divinerpg.cyclops":5,"stat.pickup.killmods.deatharmorboots":1,"stat.useItem.randomloot.sword":447,"stat.pickup.minecraft.wheat_seeds":4,"stat.mineBlock.minecraft.gravel":6,"stat.pickup.randomloot.pickaxe":1,"stat.killEntity.aoa3.charger":3,"stat.drop.randomloot.titanium_legs":1,"stat.mineBlock.minecraft.dirt":24,"stat.useItem.minecraft.torch":32,"stat.useItem.minecraft.bread":1,"stat.pickup.minecraft.iron_nugget":2,"stat.pickup.minecraft.crafting_table":2,"stat.useItem.minecraft.cobblestone":25,"stat.craftItem.minecraft.crafting_table":2,"stat.pickup.aoa3.charger_shank":10,"stat.pickup.randomloot.basic_case":29,"stat.pickup.minecraft.log":12,"stat.useItem.minecraft.cooked_fish":1,"stat.entityKilledBy.aoa3.irkling":2,"stat.pickup.minecraft.chicken":1,"stat.pickup.minecraft.sapling":1,"stat.pickup.minecraft.wooden_door":1,"stat.pickup.killmods.deatharmorlegs":2,"stat.killEntity.aoa3.bone_creature":5,"stat.useItem.randomloot.shovel":40,"stat.craftItem.minecraft.planks":108,"stat.pickup.quark.root":1,"stat.pickup.aoa3.raw_charger_shank":2,"stat.mineBlock.minecraft.log":12,"stat.craftItem.minecraft.wooden_door":3,"stat.useItem.minecraft.wooden_door":2,"stat.pickup.minecraft.red_flower":8,"stat.sneakTime":3553,"stat.pickup.minecraft.wool":30,"stat.pickup.aoa3.copper_coin":53,"stat.cakeSlicesEaten":4,"stat.pickup.minecraft.bone":24,"stat.mineBlock.minecraft.cobblestone":7,"stat.pickup.divinerpg.terran_shards":6,"stat.craftItem.minecraft.wool":8,"stat.swimOneCm":11294,"stat.pickup.divinerpg.cyclops_eye_shards":2,"stat.killEntity.aoa3.nightfly":2,"stat.pickup.minecraft.enchanted_book":1,"stat.mineBlock.evilcraft.dark_ore":3,"stat.mineBlock.quark.roots":1,"stat.useItem.minecraft.dirt":4,"stat.useItem.minecraft.stone_slab2":16,"stat.pickup.minecraft.bow":1,"stat.pickup.killmods.deatharmorbody":3,"stat.craftItem.minecraft.furnace":1,"stat.craftItem.minecraft.iron_boots":1,"stat.pickup.minecraft.anvil":2,"stat.craftItem.minecraft.cooked_beef":22,"stat.pickup.minecraft.cobblestone":453,"stat.killEntity.aoa3.warclops":2,"stat.flyOneCm":62559,"stat.pickup.minecraft.fish":2,"stat.useItem.minecraft.cooked_beef":21,"stat.useItem.aoa3.charger_shank":3,"stat.mineBlock.minecraft.iron_ore":31,"stat.timeSinceDeath":59315,"stat.pickup.minecraft.mutton":45,"stat.pickup.minecraft.mossy_cobblestone":7,"stat.pickup.aoa3.limonite_ore":4,"stat.entityKilledBy.divinerpg.pumpkin_spider":2,"stat.pickup.minecraft.stonebrick":8,"stat.useItem.minecraft.cooked_porkchop":8,"stat.mineBlock.minecraft.coal_ore":52,"stat.killEntity.Creeper":3,"stat.pickup.minecraft.string":5,"stat.pickup.tombstone.crafting_ingredient":10,"stat.entityKilledBy.aoa3.night_watcher":1,"stat.killEntity.aoa3.cyclops":3,"stat.killEntity.Squid":3,"stat.sprintOneCm":102017,"stat.craftItem.minecraft.stick":12,"stat.pickup.aoa3.holly_top_seeds":1,"stat.mineBlock.minecraft.crafting_table":2,"stat.entityKilledBy.Creeper":1,"stat.drop":14,"stat.killEntity.darkskeleton":4,"stat.killEntity.Sheep":19,"stat.entityKilledBy.aoa3.magicke":1,"stat.killEntity.aoa3.brute":5,"stat.killEntity.Zombie":32,"stat.craftItem.minecraft.dye":8,"stat.diveOneCm":20115,"stat.mineBlock.minecraft.mossy_cobblestone":7,"stat.killEntity.aoa3.goalby":3,"stat.pickup.minecraft.gravel":6,"stat.craftItem.minecraft.cooked_porkchop":8,"stat.mineBlock.minecraft.anvil":2,"stat.pickup.minecraft.stone_brick_stairs":2,"stat.craftItem.travelersbackpack.backpack_tank":2,"stat.jump":1339,"stat.pickup.minecraft.coal":58,"stat.pickup.minecraft.iron_ingot":1,"stat.useItem.randomloot.paxel":57,"stat.pickup.aoa3.torn_cloth":1,"stat.useItem.minecraft.stone_axe":24,"stat.drop.randomloot.rl_bow":1,"stat.pickup.minecraft.gunpowder":1,"stat.pickup.minecraft.spider_eye":1,"stat.craftItem.minecraft.torch":32,"stat.pickup.minecraft.dirt":56,"stat.pickup.evilcraft.dark_gem_crushed":1,"stat.pickup.divinerpg.realmite_ore":4,"stat.pickup.minecraft.iron_ore":31,"stat.damageTaken":6632,"stat.pickup.minecraft.leather":20,"stat.mineBlock.minecraft.torch":1,"stat.mineBlock.minecraft.red_flower":8,"stat.useItem.minecraft.wooden_pickaxe":4,"stat.pickup.evilcraft.dark_gem":8,"stat.pickup.minecraft.bed":2,"tombstone:undead_killed":84,"stat.useItem.tombstone.grave_key":2,"stat.pickup.killmods.ruby":3,"stat.pickup.aoa3.chitin":1,"stat.damageDealt":39827,"stat.craftItem.minecraft.glass":32,"stat.sleepInBed":4,"stat.drop.randomloot.sword":5,"stat.killEntity.Cow":17,"stat.killEntity.Pig":9,"stat.mineBlock.aoa3.limonite_ore":4,"stat.walkOneCm":646727,"stat.useItem.minecraft.chest":2,"stat.useItem.tombstone.gift":3,"stat.killEntity.aoa3.clown":1,"stat.pickup.minecraft.ender_pearl":3,"stat.pickup.minecraft.gold_ingot":6,"stat.killEntity.Skeleton":16,"stat.craftItem.travelersbackpack.sleeping_bag_bottom":4,"stat.mineBlock.minecraft.stonebrick":9,"stat.killEntity.Chicken":1,"stat.killEntity.Spider":14,"stat.mobKills":221,"stat.mineBlock.minecraft.leaves":2,"stat.pickup.killmods.deatharmorhelmet":2,"stat.pickup.minecraft.torch":2,"stat.pickup.astralsorcery.blockmarble":3,"stat.drop.minecraft.beef":3,"stat.mineBlock.minecraft.stone":326}