{"stat.cakeSlicesEaten":4,"stat.pickup.minecraft.bone":5,"stat.leaveGame":6,"stat.killEntity.aoa3.sasquatch":1,"stat.mineBlock.minecraft.cobblestone":4,"stat.pickup.divinerpg.terran_shards":3,"stat.swimOneCm":2912,"stat.useItem.minecraft.planks":2,"stat.pickup.minecraft.porkchop":13,"stat.useItem.minecraft.dirt":3,"stat.useItem.minecraft.stone_slab2":8,"stat.pickup.minecraft.rotten_flesh":14,"stat.craftItem.minecraft.furnace":1,"stat.killEntity.aoa3.bugeye":3,"stat.pickup.minecraft.cobblestone":174,"stat.killEntity.aoa3.warclops":1,"stat.flyOneCm":18593,"stat.pickup.minecraft.fish":2,"stat.pickup.quark.tallow":14,"stat.useItem.aoa3.charger_shank":1,"stat.timeSinceDeath":58577,"stat.useItem.minecraft.iron_pickaxe":154,"stat.craftItem.minecraft.wooden_pickaxe":1,"stat.pickup.minecraft.mutton":6,"stat.craftItem.minecraft.bed":1,"stat.entityKilledBy.divinerpg.pumpkin_spider":1,"stat.furnaceInteraction":5,"stat.useItem.minecraft.cooked_porkchop":6,"stat.mineBlock.minecraft.coal_ore":17,"stat.pickup.minecraft.string":3,"stat.pickup.tombstone.crafting_ingredient":2,"stat.entityKilledBy.aoa3.night_watcher":1,"stat.killEntity.Squid":3,"stat.sprintOneCm":14508,"stat.craftItem.minecraft.stick":12,"stat.mineBlock.minecraft.crafting_table":2,"stat.deaths":5,"stat.playOneMinute":68522,"stat.killEntity.aoa3.night_reaper":1,"stat.killEntity.Sheep":4,"stat.craftItem.minecraft.iron_pickaxe":1,"stat.pickup.randomloot.golden_case":1,"stat.killEntity.Zombie":5,"stat.mineBlock.minecraft.tallgrass":1,"stat.diveOneCm":11151,"stat.useItem.randomloot.throwable":10,"stat.chestOpened":8,"stat.pickup.minecraft.pumpkin":3,"stat.useItem.minecraft.fish":2,"stat.killEntity.aoa3.goalby":1,"stat.pickup.minecraft.gravel":6,"stat.pickup.minecraft.arrow":5,"stat.craftItem.minecraft.cooked_porkchop":8,"stat.pickup.minecraft.gold_nugget":7,"stat.jump":472,"stat.pickup.minecraft.coal":20,"stat.fallOneCm":7641,"stat.useItem.randomloot.paxel":57,"stat.pickup.aoa3.torn_cloth":1,"stat.useItem.minecraft.stone_axe":24,"stat.crouchOneCm":1334,"stat.pickup.minecraft.spider_eye":1,"stat.craftItem.minecraft.torch":32,"stat.craftItem.minecraft.chest":2,"stat.pickup.minecraft.dirt":16,"stat.craftingTableInteraction":6,"stat.damageTaken":2097,"stat.pickup.minecraft.feather":3,"stat.useItem.minecraft.wooden_pickaxe":4,"stat.pickup.minecraft.dye":8,"stat.killEntity.divinerpg.cyclops":1,"stat.pickup.minecraft.bed":2,"stat.useItem.randomloot.sword":38,"tombstone:undead_killed":8,"stat.mineBlock.minecraft.gravel":6,"stat.damageDealt":3671,"stat.sleepInBed":2,"stat.mineBlock.minecraft.dirt":12,"stat.killEntity.Pig":7,"stat.walkOneCm":209805,"stat.useItem.minecraft.torch":19,"stat.useItem.minecraft.chest":1,"stat.pickup.minecraft.crafting_table":2,"stat.useItem.minecraft.cobblestone":7,"stat.craftItem.minecraft.crafting_table":2,"stat.pickup.aoa3.charger_shank":2,"stat.pickup.randomloot.basic_case":8,"stat.pickup.minecraft.log":12,"stat.useItem.minecraft.cooked_fish":1,"stat.useItem.tombstone.gift":1,"stat.entityKilledBy.aoa3.irkling":2,"stat.pickup.minecraft.sapling":1,"stat.pickup.minecraft.gold_ingot":1,"stat.killEntity.Skeleton":2,"stat.craftItem.minecraft.planks":92,"stat.killEntity.Spider":1,"stat.mobKills":32,"stat.mineBlock.minecraft.log":12,"stat.mineBlock.minecraft.leaves":2,"stat.sneakTime":707,"stat.pickup.minecraft.wool":3,"stat.pickup.aoa3.copper_coin":17,"stat.mineBlock.minecraft.stone":174}